time,biomass,nutrient,temperature,light,nutrient_input,light_input,reward
1.0,0.10228397852543424,5.635252034632547,25.0,157.95798,0.6363942,157.95798,-1.414821283158234
2.0,0.10465363672125402,6.432473091231048,25.0,159.01198,0.7984059,159.01198,-1.432994492963321
3.0,0.10710196771935189,7.229615472362859,25.0,159.08305,0.79836655,159.08305,-1.425834004613259
4.0,0.1096275483906816,8.026551143559788,25.0,159.19089,0.79819846,159.19089,-1.4191705960135246
5.0,0.11222974583443845,8.823249188438373,25.0,159.31213,0.79799914,159.31213,-1.4127014587011546
6.0,0.1149085599921584,9.61966967191585,25.0,159.44942,0.7977599,159.44942,-1.4063886776690153
7.0,0.1176644545602205,10.415765393683943,25.0,159.6051,0.79747367,159.6051,-1.400208892276261
8.0,0.12049825052643189,11.211479795673371,25.0,159.78203,0.7971313,159.78203,-1.39415381386842
9.0,0.12341105861330078,12.006744671251061,25.0,159.98393,0.7967213,159.98393,-1.3882306489947673
10.0,0.12640423812049648,12.801476192287716,25.0,160.21593,0.7962281,160.21593,-1.3824641235530624
11.0,0.12947937699764692,13.59556895865694,25.0,160.48538,0.79563034,160.48538,-1.3769028981211744
12.0,0.1326382932044999,14.388886341602708,25.0,160.80354,0.79489684,160.80354,-1.3716335101230546
13.0,0.13588305877630358,15.181245689754764,25.0,161.18768,0.79398173,161.18768,-1.366798465743579
14.0,0.139216050549394,15.972397263326227,25.0,161.66396,0.79281807,161.66396,-1.3626221245326913
15.0,0.14264002541341594,16.761997076374108,25.0,162.26976,0.7913118,162.26976,-1.3594312839372962
16.0,0.14615819671687932,17.549583016738612,25.0,163.05228,0.789345,163.05228,-1.3576401032018266
17.0,0.14977425220877183,18.33457322774694,25.0,164.05804,0.78679824,164.05804,-1.3576546889217678
18.0,0.15349224137777173,19.11631074881796,25.0,165.31277,0.7835965,165.31277,-1.3596884094239952
19.0,0.1573163426820659,19.89414737637321,25.0,166.80493,0.7797487,166.80493,-1.363614075851291
20.0,0.16125065865450838,20.667515172648766,25.0,168.49307,0.77533495,168.49307,-1.3690325833444743
21.0,0.16529913693638246,21.435961135476976,25.0,170.32683,0.7704702,170.32683,-1.3754674815755472
22.0,0.16946557346055827,22.199167343064804,25.0,172.25938,0.7652894,172.25938,-1.3824790759898011
23.0,0.17375364882955538,22.956966134989223,25.0,174.25185,0.7599428,174.25185,-1.389705171048974
24.0,0.17816696967893875,23.709348614979724,25.0,176.2733,0.75458914,176.2733,-1.3968598117386812
25.0,0.18270910975463972,24.456461471333476,25.0,178.30023,0.7493839,178.30023,-1.4037266439062872
26.0,0.1873836416320567,25.198589318080924,25.0,180.31473,0.7444651,180.31473,-1.4101405232768647
27.0,0.1921941609537506,25.936117608777895,25.0,182.3031,0.73993355,182.3031,-1.4159723715053079
28.0,0.19714429388939755,26.669480836339307,25.0,184.25328,0.7358383,184.25328,-1.4211032942529747
29.0,0.2022376923960688,27.399100963810977,25.0,186.15306,0.7321668,186.15306,-1.4254073758691481
30.0,0.2074780109152047,28.125334030259417,25.0,187.9876,0.7288532,187.9876,-1.4287293734887652
31.0,0.21286888224345163,28.84843690344463,25.0,189.73961,0.7257983,189.73961,-1.4308887857067272
32.0,0.21841389734693828,29.568565620982913,25.0,191.3903,0.7229012,191.3903,-1.4316916101309174
33.0,0.2241166062057666,30.285798039689638,25.0,192.92255,0.7200838,192.92255,-1.4309629377145998
34.0,0.22998054225190578,31.000168572868198,25.0,194.3241,0.7173025,194.3241,-1.4285775249823154
35.0,0.2360092644205953,31.711699044490306,25.0,195.58968,0.71454483,195.58968,-1.4244790060633878
36.0,0.2422064049681483,32.420418692447726,25.0,196.72115,0.7118182,196.72115,-1.418679137237936
37.0,0.24857571260474506,33.126373087682616,25.0,197.7262,0.70913905,197.7262,-1.4112450406573211
38.0,0.2551210809104568,33.82962674258387,25.0,198.61581,0.70652634,198.61581,-1.402273935887335
39.0,0.2618465650530785,34.53026185093065,25.0,199.40236,0.70399785,199.40236,-1.3918749307671856
40.0,0.26875556590182664,35.2283764904637,25.0,200.0,0.70156914,200.0,-1.3792568321011631
41.0,0.2758479610556257,35.92401930016906,25.0,200.0,0.699189,200.0,-1.3606793853483203
42.0,0.28312851722650273,36.61698094936404,25.0,200.0,0.6966019,200.0,-1.341604577130454
43.0,0.2906021244885644,37.307434945922985,25.0,200.0,0.6941908,200.0,-1.3220583523227178
44.0,0.29827379900478107,37.99553351542223,25.0,200.0,0.6919344,200.0,-1.3020259935244134
45.0,0.3061486858207399,38.68140539437143,25.0,200.0,0.6898093,200.0,-1.2814922506398343
46.0,0.3142320617200093,39.365152431321086,25.0,200.0,0.6877887,200.0,-1.26044128256299
47.0,0.3225293381385944,40.04684583031272,25.0,200.0,0.68584204,200.0,-1.2388565618615779
48.0,0.3310460641384172,40.726522811532014,25.0,200.0,0.68393534,200.0,-1.2167209359297568
49.0,0.33978792943798436,41.40418309311944,25.0,200.0,0.6820312,200.0,-1.1940165914670038
50.0,0.3487607674987989,42.079785313348374,25.0,200.0,0.68008864,200.0,-1.17072505635436
51.0,0.35797055866659194,42.75324357198506,25.0,200.0,0.67806315,200.0,-1.1468272016229897
52.0,0.3674234333625434,43.42442277953073,25.0,200.0,0.67590564,200.0,-1.1223030948942196
53.0,0.37712567532101016,44.09313329118471,25.0,200.0,0.67356163,200.0,-1.097131965926531
54.0,0.38708372487049064,44.75912494473943,25.0,200.0,0.6709707,200.0,-1.0712921128848985
55.0,0.3973041822501931,45.4220790718998,25.0,200.0,0.66806436,200.0,-1.0447606976147763
56.0,0.40779381095931,46.08160021156288,25.0,200.0,0.66476595,200.0,-1.0175137274703054
57.0,0.41855954113125093,46.7372059753412,25.0,200.0,0.6609886,200.0,-0.9895258442022203
58.0,0.4296084729315037,47.388317449515995,25.0,200.0,0.65663594,200.0,-0.9607704184525618
59.0,0.4409478799779911,48.03425037183961,25.0,200.0,0.6516026,200.0,-0.9312195624062942
60.0,0.4525852127924359,48.67421059985683,25.0,200.0,0.6457789,200.0,-0.9008446109781996
61.0,0.4645281023021647,49.30729774503727,25.0,200.0,0.6390586,200.0,-0.8696169065305366
62.0,0.47678436342905833,49.93252287356043,25.0,200.0,0.63135326,200.0,-0.8375092132192963
63.0,0.48936199882426373,50.54884742628138,25.0,200.0,0.6226134,200.0,-0.8044977997564864
64.0,0.5022692028220038,51.15524747056089,25.0,200.0,0.61285365,200.0,-0.7705649655988878
65.0,0.5155143656874737,51.75080227064365,25.0,200.0,0.6021774,200.0,-0.7357014516045677
66.0,0.5291060782068399,52.334795851677974,25.0,200.0,0.59078944,200.0,-0.6999076910477251
67.0,0.5430531366074114,52.90680908643185,25.0,200.0,0.57898676,200.0,-0.6631928378283811
68.0,0.5573645477236411,53.46677673435503,25.0,200.0,0.56712335,200.0,-0.625571225215273
69.0,0.5720495342691053,54.014991551663506,25.0,200.0,0.5555573,200.0,-0.5870570765117018
70.0,0.587117540065583,54.55205529370698,25.0,200.0,0.54459774,200.0,-0.547659197081571
71.0,0.6025782351223341,55.07879455067079,25.0,200.0,0.5344696,200.0,-0.5073774540290539
72.0,0.6184415205186576,55.596164841261206,25.0,200.0,0.52530193,200.0,-0.46620165593167884
73.0,0.6347175331018232,56.105164600854025,25.0,200.0,0.51713777,200.0,-0.424112517526829
74.0,0.6514166500435125,56.606769733316405,25.0,200.0,0.5099547,200.0,-0.3810837749244038
75.0,0.6685494933083147,57.10189146828877,25.0,200.0,0.50368816,200.0,-0.33708448918024736
76.0,0.68612693407967,57.59135367940448,25.0,200.0,0.49825093,200.0,-0.29208101750473303
77.0,0.7041600971768947,58.07588468644267,25.0,200.0,0.4935476,200.0,-0.24603844839114974
78.0,0.7226603654848065,58.55611868362492,25.0,200.0,0.48948413,200.0,-0.19892158383255798
79.0,0.7416393844051489,59.0326022044935,25.0,200.0,0.48597303,200.0,-0.1506954102535767
80.0,0.7611090663327238,59.505803268986256,25.0,200.0,0.4829359,200.0,-0.1013253977881603
81.0,0.781081595153415,59.97612124575633,25.0,200.0,0.48030424,200.0,-0.05077754279397739
82.0,0.8015694307580564,60.44389641646071,25.0,200.0,0.4780191,200.0,0.0009816523585293169
83.0,0.8225853135638662,60.909418645975315,25.0,200.0,0.47603017,200.0,0.05398526199911702
84.0,0.8441422690343674,61.37293506913423,25.0,200.0,0.4742949,200.0,0.10826605621564456
85.0,0.8662536121878062,61.83465670459105,25.0,200.0,0.4727773,200.0,0.16385658538558223
86.0,0.8889329520835818,62.29476405541228,25.0,200.0,0.47144702,200.0,0.22078928601053605
87.0,0.9121941962757569,62.7534117858152,25.0,200.0,0.47027835,200.0,0.27909658173244134
88.0,0.9360515552226647,63.21073268267193,25.0,200.0,0.46924958,200.0,0.3388109348225856
89.0,0.9605195466412775,63.66684102099468,25.0,200.0,0.46834233,200.0,0.39996490771300985
90.0,0.9856129997934626,64.12183512479236,25.0,200.0,0.46754083,200.0,0.4625912306910229
91.0,1.0113470596927243,64.57579977895527,25.0,200.0,0.46683168,200.0,0.5267228200247929
92.0,1.0377371912180946,65.0288081643492,25.0,200.0,0.46620345,200.0,0.5923928059312411
93.0,1.0647991831210577,65.480923345928,25.0,200.0,0.46564618,200.0,0.6596345703081123
94.0,1.0925491519118107,65.93219967149967,25.0,200.0,0.4651513,200.0,0.7284817458434141
95.0,1.1210035456098695,66.38268396194388,25.0,200.0,0.4647115,200.0,0.7989682210765645
96.0,1.1501791473425351,66.83241634387784,25.0,200.0,0.46432018,200.0,0.8711281549865455
97.0,1.1800930787756774,67.2814312314175,25.0,200.0,0.46397185,200.0,0.9449959564984898
98.0,1.2107628033583104,67.72975792060171,25.0,200.0,0.46366155,200.0,1.020606303115759
99.0,1.2422061293630917,68.17742124352309,25.0,200.0,0.463385,200.0,1.0979941018857526
100.0,1.274441212702799,68.62444201395459,25.0,200.0,0.4631383,200.0,1.177194500525418
101.0,1.3074865595027978,69.0708375327028,25.0,200.0,0.4629182,200.0,1.2582428592949393
102.0,1.3413610284080657,69.5166220632915,25.0,200.0,0.46272177,200.0,1.3411747132776086
103.0,1.3760838326008145,69.96180695016227,25.0,200.0,0.4625463,200.0,1.4260257881429967
104.0,1.4116745415066954,70.40640115426302,25.0,200.0,0.46238956,200.0,1.5128319354777746
105.0,1.4481530821626962,70.85041131196886,25.0,200.0,0.46224943,200.0,1.6016291213065879
106.0,1.4855397402217254,71.29384209220753,25.0,200.0,0.4621241,200.0,1.692453393485974
107.0,1.5238551605654747,71.7366963451647,25.0,200.0,0.46201196,200.0,1.7853408388070817
108.0,1.563120347496776,72.17897528100166,25.0,200.0,0.46191153,200.0,1.8803275409449491
109.0,1.6033566644808888,72.62067858919394,25.0,200.0,0.46182147,200.0,1.9774495502527216
110.0,1.6445858334039751,73.06180455811146,25.0,200.0,0.46174055,200.0,2.076742835480615
111.0,1.6868299333159842,73.50235028426324,25.0,200.0,0.46166778,200.0,2.1782432135901217
112.0,1.7301113986221772,73.94231164339939,25.0,200.0,0.4616021,200.0,2.281986320695311
113.0,1.7744530166877328,74.38168341091806,25.0,200.0,0.46154258,200.0,2.388007549645481
114.0,1.8198779248175416,74.82045935278249,25.0,200.0,0.4614884,200.0,2.4963419726428846
115.0,1.8664096065709912,75.25863213795672,25.0,200.0,0.46143863,200.0,2.6070243119948024
116.0,1.914071887371927,75.69619348961214,25.0,200.0,0.4613925,200.0,2.7200888286528144
117.0,1.9628889293704197,76.13313415789436,25.0,200.0,0.4613492,200.0,2.8355692809211437
118.0,2.0128852255115786,76.56944377387713,25.0,200.0,0.46130776,200.0,2.9534988377105424
119.0,2.0640855927662,77.00511082314472,25.0,200.0,0.46126723,200.0,3.073910002172645
120.0,2.1165151644760622,77.44012264961927,25.0,200.0,0.4612266,200.0,3.196834508263149
121.0,2.1701993817633904,77.87446516183284,25.0,200.0,0.46118462,200.0,3.322303264411941
122.0,2.2251639839543707,78.3081226290994,25.0,200.0,0.46113977,200.0,3.45034624002665
123.0,2.281434997964647,78.7410774782058,25.0,200.0,0.46109036,200.0,3.5809923654164724
124.0,2.3390387265916606,79.17330979262611,25.0,200.0,0.46103418,200.0,3.714269444827967
125.0,2.398001735659258,79.60479690171688,25.0,200.0,0.4609686,200.0,3.8502040453972564
126.0,2.458350839956899,80.03551273209636,25.0,200.0,0.46089038,200.0,3.9888213915112702
127.0,2.5201130879142655,80.46542689143524,25.0,200.0,0.46079528,200.0,4.130145268149942
128.0,2.5833157449523307,80.89450375290912,25.0,200.0,0.4606782,200.0,4.2741978848072195
129.0,2.647986275448552,81.32270112311137,25.0,200.0,0.46053264,200.0,4.420999785332028
130.0,2.7141523232536326,81.74996864246941,25.0,200.0,0.46035054,200.0,4.57056972543694
131.0,2.781841690696298,82.17624588839362,25.0,200.0,0.46012193,200.0,4.722924551301985
132.0,2.851082316010624,82.6014599725756,25.0,200.0,0.4598344,200.0,4.878079090258544
133.0,2.9219022491217155,83.02552293049095,25.0,200.0,0.45947292,200.0,5.036046016426927
134.0,2.9943296257230276,83.4483285157098,25.0,200.0,0.45901927,200.0,5.196835732034214
135.0,3.0683926395815115,83.86974887588414,25.0,200.0,0.45845187,200.0,5.360456197647915
136.0,3.144119513006393,84.28963096143237,25.0,200.0,0.45774552,200.0,5.526912789517002
137.0,3.2215384654229866,84.70779341200858,25.0,200.0,0.45687193,200.0,5.696208046745746
138.0,3.3006776799960558,85.12402412940047,25.0,200.0,0.45580032,200.0,5.868341424094016
139.0,3.381565268254092,85.53807922233352,25.0,200.0,0.4544989,200.0,6.043308935607314
140.0,3.4642292326796214,85.9496848729199,25.0,200.0,0.45293763,200.0,6.2211026792730415
141.0,3.5486974272383267,86.35854251219565,25.0,200.0,0.45109174,200.0,6.401710280724915
142.0,3.6349975158333794,86.76433840743898,25.0,200.0,0.44894594,200.0,6.585114264806144
143.0,3.723156928683951,87.16675837652602,25.0,200.0,0.44649968,200.0,6.771291315270764
144.0,3.81320281662579,87.56550619881334,25.0,200.0,0.44377077,200.0,6.960211716813019
145.0,3.9051620033305765,87.9603243218401,25.0,200.0,0.44079772,200.0,7.15183889735059
146.0,3.9990609354276643,88.35101385382318,25.0,200.0,0.437639,200.0,7.346129307670443
147.0,4.094925630491749,88.73745011667322,25.0,200.0,0.4343686,200.0,7.543032643880194
148.0,4.1927816228393935,89.11959030249098,25.0,200.0,0.43106818,200.0,7.742492414330082
149.0,4.2926539070808865,89.49747332297743,25.0,200.0,0.42781916,200.0,7.9444465086336
150.0,4.394566879369317,89.87121077890322,25.0,200.0,0.42469394,200.0,8.148827835381157
151.0,4.498544276320645,90.24097277494087,25.0,200.0,0.4217507,200.0,8.355564625681527
152.0,4.6046091116023025,90.60697072562814,25.0,200.0,0.41903037,200.0,8.564580490587812
153.0,4.712783610224825,90.96944060951466,25.0,200.0,0.41655713,200.0,8.775794146697349
154.0,4.82308914059017,91.32862735691859,25.0,200.0,0.4143395,200.0,8.989119083785724
155.0,4.935546144387409,91.68477305345671,25.0,200.0,0.4123742,200.0,9.20446295839015
156.0,5.050174064435951,92.03810779700757,25.0,200.0,0.4106487,200.0,9.421727135241728
157.0,5.166991270602243,92.38884401270722,25.0,200.0,0.40914482,200.0,9.640806133260789
158.0,5.286014983926767,92.73717300401401,25.0,200.0,0.40784085,200.0,9.861587245420301
159.0,5.407261199119307,93.08326373976338,25.0,200.0,0.40671384,200.0,10.083950133429308
160.0,5.530744605592766,93.42726271483704,25.0,200.0,0.40574068,200.0,10.307766577279683
161.0,5.656478507230633,93.76929518237215,25.0,200.0,0.40489942,200.0,10.53290022195139
162.0,5.784474741095101,94.10946644610473,25.0,200.0,0.40416938,200.0,10.75920644912533
163.0,5.9147435953124585,94.44786395778733,25.0,200.0,0.40353194,200.0,10.986532227856612
164.0,6.047293726385252,94.78455893805591,25.0,200.0,0.40297005,200.0,11.21471610195385
165.0,6.182132076210875,95.11960823586229,25.0,200.0,0.40246847,200.0,11.443588134545315
166.0,6.319263789107088,95.4530560090891,25.0,200.0,0.40201363,200.0,11.67296992739894
167.0,6.458692129168302,95.78493510697612,25.0,200.0,0.40159327,200.0,11.902674680074632
168.0,6.6004183983006355,96.1152681541841,25.0,200.0,0.40119618,200.0,12.132507295055952
169.0,6.744441855310213,96.44406860452948,25.0,200.0,0.40081218,200.0,12.36226448307276
170.0,6.890759636439452,96.77134143636744,25.0,200.0,0.40043172,200.0,12.591734941428692
171.0,7.039366677768954,97.09708354901872,25.0,200.0,0.40004563,200.0,12.820699570363633
172.0,7.190255639926553,97.42128415804306,25.0,200.0,0.3996451,200.0,13.04893170749469
173.0,7.343416835559477,97.74392465268915,25.0,200.0,0.3992211,200.0,13.276197452556012
174.0,7.498838160049627,98.06497860073459,25.0,200.0,0.3987646,200.0,13.50225598798592
175.0,7.656505025962051,98.38441136402929,25.0,200.0,0.3982662,200.0,13.726859970872315
176.0,7.816400301731604,98.70217959271022,25.0,200.0,0.39771587,200.0,13.949755990298698
177.0,7.978504255100192,99.0182304190178,25.0,200.0,0.3971028,200.0,14.170685057304638
178.0,8.142794501826202,99.33250070808079,25.0,200.0,0.3964154,200.0,14.389383132103525
179.0,8.309245960185129,99.64491594817775,25.0,200.0,0.39564097,200.0,14.605581736729736
180.0,8.477830811781804,99.95538919744732,25.0,200.0,0.39476568,200.0,14.819008589925566
181.0,8.648518469183811,100.26381975896696,25.0,200.0,0.3937744,200.0,15.029388300433546
182.0,8.82127555087535,100.57009182236924,25.0,200.0,0.3926506,200.0,15.236443106493898
183.0,8.996065864015106,100.87407328036997,25.0,200.0,0.3913766,200.0,15.439893652518514
184.0,9.172850395452002,101.17561415373729,25.0,200.0,0.38993314,200.0,15.639459829780979
185.0,9.351587311435248,101.47454575697155,25.0,200.0,0.38830006,200.0,15.834861589966735
186.0,9.532231966408402,101.77067953161777,25.0,200.0,0.3864561,200.0,16.02581988710217
187.0,9.714736921247589,102.0638066497163,25.0,200.0,0.3843796,200.0,16.212057525111923
188.0,9.899051971253742,102.35369808921365,25.0,200.0,0.38204896,200.0,16.39330010342025
189.0,10.085124184155477,102.64010515140292,25.0,200.0,0.37944317,200.0,16.569276973309385
190.0,10.272897948330915,102.92276134416147,25.0,200.0,0.37654307,200.0,16.739722110804276
191.0,10.462315031386522,103.2013850050682,25.0,200.0,0.3733322,200.0,16.90437508531725
192.0,10.653314649165928,103.47568296238715,25.0,200.0,0.36979777,200.0,17.062982002064853
193.0,10.845833545193715,103.745355621345,25.0,200.0,0.3659321,200.0,17.21529639282661
194.0,11.039806080483016,104.01010344593591,25.0,200.0,0.3617341,200.0,17.361080118216517
195.0,11.23516433354773,104.26963400186816,25.0,200.0,0.35720968,200.0,17.500104335989704
196.0,11.431838210383159,104.52366988859616,25.0,200.0,0.35237283,200.0,17.63215040102843
197.0,11.629755564092012,104.77195708376246,25.0,200.0,0.34724587,200.0,17.75701078144801
198.0,11.8288423237471,105.01427334262587,25.0,200.0,0.34185964,200.0,17.874490000894617
199.0,12.029022631984589,105.25043516261296,25.0,200.0,0.33625197,200.0,17.98440562708327
200.0,12.230218990754828,105.4803042967559,25.0,200.0,0.3304673,200.0,18.08658914343592
201.0,12.432352414561276,105.70379190900276,25.0,200.0,0.32455432,200.0,18.180886947484737
202.0,12.635342590457043,105.92086114662594,25.0,200.0,0.31856433,200.0,18.267161157019668
203.0,12.839108043995246,106.13152732546787,25.0,200.0,0.3125489,200.0,18.34529046251419
204.0,13.043566310279894,106.33585638410182,25.0,200.0,0.3065582,200.0,18.41517080854212
205.0,13.248634109215926,106.5339616967653,25.0,200.0,0.3006392,200.0,18.47671597201748
206.0,13.454227524005876,106.72599835147284,25.0,200.0,0.29483336,200.0,18.529858142039743
207.0,13.660262181946385,106.9121580230252,25.0,200.0,0.289177,200.0,18.57454809399849
208.0,13.866653436531541,107.09266232544682,25.0,200.0,0.28369993,200.0,18.61075546554418
209.0,14.07331654987963,107.26775640268009,25.0,200.0,0.27842563,200.0,18.638468770300626
210.0,14.280166874501084,107.43770293684153,25.0,200.0,0.2733717,200.0,18.65769529287083
211.0,14.487120033426264,107.60277585927484,25.0,200.0,0.2685495,200.0,18.668460941583326
212.0,14.694092097756599,107.76325591063629,25.0,200.0,0.26396608,200.0,18.670809825053414
213.0,14.900999760705405,107.91942584510733,25.0,200.0,0.25962377,200.0,18.664803917913627
214.0,15.107760507250957,108.07156679909171,25.0,200.0,0.25552133,200.0,18.65052252145699
215.0,15.31429277856831,108.21995558639523,25.0,200.0,0.25165492,200.0,18.628061639066566
216.0,15.520516130452615,108.36486223482822,25.0,200.0,0.24801832,200.0,18.597533354875345
217.0,15.72635138501583,108.50654842024116,25.0,200.0,0.24460381,200.0,18.55906507542461
218.0,15.931720774994927,108.64526587445205,25.0,200.0,0.24140215,200.0,18.512798783362182
219.0,16.136548080096393,108.78125598924865,25.0,200.0,0.23840377,200.0,18.458890133039354
220.0,16.34075875485989,108.91474912660789,25.0,200.0,0.23559847,200.0,18.39750762850307
221.0,16.544280047611743,109.04596441020747,25.0,200.0,0.23297593,200.0,18.328831682187705
222.0,16.747041110154065,109.1751095811744,25.0,200.0,0.2305257,200.0,18.253053682890975
223.0,16.948973097921954,109.30238142484347,25.0,200.0,0.22823784,200.0,18.17037499228856
224.0,17.150009260407646,109.42796563613831,25.0,200.0,0.22610229,200.0,18.081006018197925
225.0,17.350085021745002,109.55203746473248,25.0,200.0,0.22410971,200.0,17.98516516169185
226.0,17.549138051405848,109.67476164989901,25.0,200.0,0.2222507,200.0,17.88307789533964
227.0,17.74710832505147,109.796293254352,25.0,200.0,0.22051674,200.0,17.774975689317134
228.0,17.94393817563316,109.9167778771149,25.0,200.0,0.21889955,200.0,17.6610951033636
229.0,18.139572334912273,110.03635231821394,25.0,200.0,0.21739152,200.0,17.54167677471994
230.0,18.333957965617245,110.1551446818089,25.0,200.0,0.21598518,200.0,17.41696455260228
231.0,18.527044684522217,110.27327510971185,25.0,200.0,0.21467379,200.0,17.287204512134107
232.0,18.718784576764744,110.39085589343753,25.0,200.0,0.21345073,200.0,17.1526441508954
233.0,18.90913220177543,110.50799215669207,25.0,200.0,0.21231008,200.0,17.013531492375282
234.0,19.098044591215615,110.6247820650203,25.0,200.0,0.2112461,200.0,16.870114333341085
235.0,19.285481239358283,110.74131739685946,25.0,200.0,0.21025366,200.0,16.72263944904816
236.0,19.47140408636061,110.85768358170523,25.0,200.0,0.20932761,200.0,16.571351938280433
237.0,19.65577749490837,110.9739604270453,25.0,200.0,0.20846355,200.0,16.416494499069437
238.0,19.838568220706588,111.09022195430008,25.0,200.0,0.20765689,200.0,16.25830688968868
239.0,20.019745377319254,111.20653719126321,25.0,200.0,0.20690382,200.0,16.09702527973961
240.0,20.199280395842784,111.32297013266025,25.0,200.0,0.20620045,200.0,15.932881806169448
241.0,20.37714697990993,111.43958009047218,25.0,200.0,0.20554325,200.0,15.766104082102693
242.0,20.553321056509745,111.5564219867464,25.0,200.0,0.20492893,200.0,15.596914765406488
243.0,20.727780723099954,111.67354661845907,25.0,200.0,0.20435447,200.0,15.425531212147728
244.0,20.90050619147288,111.79100065577987,25.0,200.0,0.20381677,200.0,15.252165159396775
245.0,21.071479728828894,111.90882711857006,25.0,200.0,0.20331323,200.0,15.077022412454664
246.0,21.24068559648383,112.02706543683114,25.0,200.0,0.20284125,200.0,14.900302639912226
247.0,21.408109986623842,112.14575169094364,25.0,200.0,0.20239845,200.0,14.722199169083225
248.0,21.573740957496632,112.26491870367619,25.0,200.0,0.2019825,200.0,14.54289883708968
249.0,21.737568367409633,112.38459634140729,25.0,200.0,0.20159134,200.0,14.362581856658682
250.0,21.899583807876102,112.5048113985407,25.0,200.0,0.20122278,200.0,14.181421768165084
251.0,22.059780536237536,112.625588078229,25.0,200.0,0.20087504,200.0,13.999585331383841
252.0,22.21815340805431,112.74694787716673,25.0,200.0,0.20054623,200.0,13.817232558192877
253.0,22.374698809543165,112.86890982798786,25.0,200.0,0.20023465,200.0,13.63451668372891
254.0,22.52941459031006,112.99149047329472,25.0,200.0,0.19993854,200.0,13.451584222002928
255.0,22.682299996610688,113.114704197051,25.0,200.0,0.19965643,200.0,13.268574986999282
256.0,22.833355605339797,113.2385630787731,25.0,200.0,0.19938669,200.0,13.085622204674797
257.0,22.98258325893842,113.36307716449515,25.0,200.0,0.19912791,200.0,12.90285256749261
258.0,23.129986001379784,113.48825443917139,25.0,200.0,0.19887865,200.0,12.720386379546918
259.0,23.275568015378834,113.61410085807137,25.0,200.0,0.19863743,200.0,12.538337656569876
260.0,23.419334560953196,113.74062061591812,25.0,200.0,0.19840303,200.0,12.356814253627835
261.0,23.561291915438005,113.86781587885744,25.0,200.0,0.19817394,200.0,12.175918053345018
262.0,23.701447315051773,113.99568711169826,25.0,200.0,0.19794893,200.0,11.995745066994491
263.0,23.83980889808513,114.12423301691123,25.0,200.0,0.1977267,200.0,11.816385634035552
264.0,23.976385649774357,114.2534505323897,25.0,200.0,0.19750589,200.0,11.63792457941773
265.0,24.111187348908317,114.38333488794854,25.0,200.0,0.1972852,200.0,11.460441392510862
266.0,24.24422451620435,114.51387963113615,25.0,200.0,0.19706333,200.0,11.284010396547329
267.0,24.375508364476858,114.6450765627433,25.0,200.0,0.19683886,200.0,11.108700940931119
268.0,24.505050750614505,114.7769158204191,25.0,200.0,0.19661045,200.0,10.93457756906264
269.0,24.632864129370486,114.90938587197358,25.0,200.0,0.19637674,200.0,10.761700201504876
270.0,24.758961508962,115.04247341836862,25.0,200.0,0.19613624,200.0,10.590124335532316
271.0,24.88335640846974,115.17616341501825,25.0,200.0,0.19588745,200.0,10.419901206506529
272.0,25.006062817019952,115.31043903259297,25.0,200.0,0.19562882,200.0,10.251077971718656
273.0,25.127095154726337,115.44528161694411,25.0,200.0,0.19535875,200.0,10.08369789569065
274.0,25.246468235365523,115.58067079717316,25.0,200.0,0.19507572,200.0,9.917800491863598
275.0,25.364197230749852,115.71658414581735,25.0,200.0,0.19477785,200.0,9.753421753799437
276.0,25.48029763676618,115.85299731503972,25.0,200.0,0.19446337,200.0,9.590594264037435
277.0,25.594785241040007,115.98988399319227,25.0,200.0,0.19413048,200.0,9.429347378981065
278.0,25.70767609218154,116.12721565197208,25.0,200.0,0.19377708,200.0,9.26970740571806
279.0,25.818986470574327,116.26496176964329,25.0,200.0,0.1934013,200.0,9.111697707846716
280.0,25.92873286065596,116.4030894872688,25.0,200.0,0.19300091,200.0,8.955338916151385
281.0,26.03693192464875,116.54156377085658,25.0,200.0,0.19257382,200.0,8.800649017720742
282.0,26.143600477689372,116.68034718537632,25.0,200.0,0.19211769,200.0,8.647643534957918
283.0,26.24875546431265,116.81940005552903,25.0,200.0,0.19163036,200.0,8.496335625608971
284.0,26.35241393623771,116.95868023843552,25.0,200.0,0.19110942,200.0,8.346736250246279
285.0,26.454593031408695,117.09814298510433,25.0,200.0,0.1905523,200.0,8.198854286555363
286.0,26.55530995424588,117.23774127813176,25.0,200.0,0.18995675,200.0,8.05269660752902
287.0,26.65458195705425,117.37742560257902,25.0,200.0,0.18932033,200.0,7.908268247506699
288.0,26.752426322544462,117.51714398451402,25.0,200.0,0.18864056,200.0,7.765572492925507
289.0,26.848860347421724,117.65684229724019,25.0,200.0,0.18791533,200.0,7.624610955582341
290.0,26.943901326990943,117.79646388156371,25.0,200.0,0.18714207,200.0,7.485383748766083
291.0,27.0375665407414,117.93595014904761,25.0,200.0,0.18631887,200.0,7.347889486492166
292.0,27.129873238861283,118.07524049934756,25.0,200.0,0.1854437,200.0,7.212125441679991
293.0,27.220838629642724,118.21427265433488,25.0,200.0,0.18451485,200.0,7.078087592361367
294.0,27.31047986773583,118.35298302159738,25.0,200.0,0.18353099,200.0,6.945770710306961
295.0,27.398814043208368,118.49130669990954,25.0,200.0,0.18249077,200.0,6.81516846953156
296.0,27.485858171376293,118.62917802075906,25.0,200.0,0.18139338,200.0,6.686273478671691
297.0,27.571629183368184,118.766531238518,25.0,200.0,0.18023872,200.0,6.559077326441287
298.0,27.6561439173806,118.90330041560588,25.0,200.0,0.17902654,200.0,6.433570745714428
299.0,27.739419110598863,119.0394205590175,25.0,200.0,0.17775774,200.0,6.309743547824301
300.0,27.82147139173911,119.17482747504032,25.0,200.0,0.17643306,200.0,6.187584807620416
301.0,27.9023172741891,119.3094589349746,25.0,200.0,0.1750544,200.0,6.067082804138375
302.0,27.981973149709958,119.44325503591047,25.0,200.0,0.17362404,200.0,5.9482251474708505
303.0,28.06045528266954,119.57615868044829,25.0,200.0,0.17214471,200.0,5.830998824484044
304.0,28.137779804778155,119.7081159965634,25.0,200.0,0.17061958,200.0,5.715390252772
305.0,28.21396271030243,119.83907723406882,25.0,200.0,0.16905269,200.0,5.601385283772963
306.0,28.289019851727183,119.96899718401684,25.0,200.0,0.16744852,200.0,5.488969290409513
307.0,28.362966935839147,120.09783547868038,25.0,200.0,0.16581184,200.0,5.378127227896938
308.0,28.435819520210337,120.2255571595554,25.0,200.0,0.16414797,200.0,5.268843640185579
309.0,28.50759301005195,120.35213241071308,25.0,200.0,0.162462,200.0,5.1611027845531785
310.0,28.578302655428093,120.47753781189051,25.0,200.0,0.16076022,200.0,5.054888514855317
311.0,28.647963548794355,120.6017556840703,25.0,200.0,0.15904832,200.0,4.950184503994839
312.0,28.716590622851935,120.72477486541385,25.0,200.0,0.15733272,200.0,4.846974133920969
313.0,28.78419864868483,120.8465896095069,25.0,200.0,0.15561876,200.0,4.745240707402226
314.0,28.850802234178296,120.96720068883621,25.0,200.0,0.15391287,200.0,4.644967261952833
315.0,28.9164158226892,121.08661479940788,25.0,200.0,0.1522209,200.0,4.546136760793776
316.0,28.981053691952265,121.20484396524785,25.0,200.0,0.1505481,200.0,4.448732116445671
317.0,29.044729953215363,121.32190610507834,25.0,200.0,0.14890027,200.0,4.352736099077257
318.0,29.10745855057905,121.43782416838076,25.0,200.0,0.14728236,200.0,4.258131500356505
319.0,29.16925326052878,121.5526255395831,25.0,200.0,0.14569873,200.0,4.164901121982774
320.0,29.230127691656435,121.66634281305966,25.0,200.0,0.14415449,200.0,4.073027663302636
321.0,29.290095284543533,121.77901239248014,25.0,200.0,0.14265338,200.0,3.9824939507509534
322.0,29.349169311806143,121.8906747292059,25.0,200.0,0.14119935,200.0,3.8932827910390317
323.0,29.407362878284214,122.0013736665441,25.0,200.0,0.13979572,200.0,3.805377075935474
324.0,29.464688921370342,122.11115655879269,25.0,200.0,0.13844591,200.0,3.7187597170473046
325.0,29.52116021146238,122.2200735557583,25.0,200.0,0.13715264,200.0,3.633413744816276
326.0,29.576789352535958,122.3281776620747,25.0,200.0,0.13591868,200.0,3.5493222394862753
327.0,29.63158878282548,122.43552440903663,25.0,200.0,0.13474646,200.0,3.466468382927822
328.0,29.685570775604724,122.54217143697714,25.0,200.0,0.13363802,200.0,3.3848354751187193
329.0,29.738747440066856,122.64817921008321,25.0,200.0,0.1325961,200.0,3.3044068351207434
330.0,29.791130722286947,122.75361033046113,25.0,200.0,0.13162276,200.0,3.2251659453014803
331.0,29.842732406260545,122.8585289117684,25.0,200.0,0.13071942,200.0,3.1470964552165626
332.0,29.893564115023093,122.96300165153767,25.0,200.0,0.1298886,200.0,3.070182016467111
333.0,29.943637311834106,123.06709744315444,25.0,200.0,0.12913239,200.0,2.9944064419126457
334.0,29.992963301424254,123.17088758384978,25.0,200.0,0.12845314,200.0,2.9197536449071313
335.0,30.041553231297694,123.27444565483988,25.0,200.0,0.12785304,200.0,2.8462076839374877
336.0,30.08941809308755,123.37784787827616,25.0,200.0,0.12733465,200.0,2.773752712993602
337.0,30.136568723958884,123.48117335496238,25.0,200.0,0.12690079,200.0,2.70237300773503
338.0,30.183015808055078,123.58450439145699,25.0,200.0,0.12655458,200.0,2.6320529512061546
339.0,30.228769877981915,123.68792661854039,25.0,200.0,0.12629926,200.0,2.56277706647903
340.0,30.273841316330685,123.79152994412766,25.0,200.0,0.12613904,200.0,2.494529930214492
341.0,30.318240357229634,123.89540846308591,25.0,200.0,0.12607804,200.0,2.4272962853954416
342.0,30.361977087925208,123.99966114189706,25.0,200.0,0.12612104,200.0,2.36106096514163
343.0,30.405061450391653,124.10439283113197,25.0,200.0,0.12627387,200.0,2.29580885922518
344.0,30.4475032429593,124.20971426463636,25.0,200.0,0.12654233,200.0,2.231525023972223
345.0,30.489312121968158,124.31574357862237,25.0,200.0,0.12693375,200.0,2.1681945255368573
346.0,30.530497603436697,124.42260669826446,25.0,200.0,0.12745586,200.0,2.1058025606297957
347.0,30.5710690647482,124.53043852894903,25.0,200.0,0.12811756,200.0,2.0443343744575087
348.0,30.611035746351366,124.63938402830782,25.0,200.0,0.12892884,200.0,1.9837752761141898
349.0,30.650406753475604,124.74959975508094,25.0,200.0,0.12990123,200.0,1.924110588831438
350.0,30.689191057855574,124.86125491133593,25.0,200.0,0.13104731,200.0,1.8653257067800224
351.0,30.72739749946846,124.97453330855241,25.0,200.0,0.13238162,200.0,1.8074059994861749
352.0,30.765034788281394,125.08963527409696,25.0,200.0,0.13392061,200.0,1.750336820298533
353.0,30.802111506004113,125.20677908085831,25.0,200.0,0.13568217,200.0,1.694103555337267
354.0,30.838636107855024,125.32620404580581,25.0,200.0,0.13768727,200.0,1.638691458131106
355.0,30.874616924331242,125.44817240665073,25.0,200.0,0.13995877,200.0,1.5840857701546134
356.0,30.910062162991053,125.5729728972337,25.0,200.0,0.14252311,200.0,1.5302715544309389
357.0,30.944979910236405,125.70092259437747,25.0,200.0,0.14540857,200.0,1.477233866899902
358.0,30.979378133107723,125.83237108931465,25.0,200.0,0.1486476,200.0,1.4249575266806422
359.0,31.01326468108509,125.96770400346111,25.0,200.0,0.15227619,200.0,1.3734271791094592
360.0,31.046647287886817,126.10734528229558,25.0,200.0,0.15633258,200.0,1.3226274212040803
361.0,31.079533573274706,126.2517613369798,25.0,200.0,0.1608592,200.0,1.2725426179334098
362.0,31.111931044854717,126.40146357665556,25.0,200.0,0.16590098,200.0,1.2231570600821984
363.0,31.14384709986546,126.55700989766665,25.0,200.0,0.17150435,200.0,1.1744550654775168
364.0,31.175289026940924,126.71900405682865,25.0,200.0,0.17771512,200.0,1.1264211952762158
365.0,31.20626400784862,126.88809537253668,25.0,200.0,0.1845788,200.0,1.0790402105261339
366.0,31.236779119157017,127.06497055809533,25.0,200.0,0.19213274,200.0,1.032297856718292
367.0,31.266841333826775,127.25034442259845,25.0,200.0,0.20040497,200.0,0.9861809697920174
368.0,31.296457522675414,127.44494148216391,25.0,200.0,0.20940515,200.0,0.9406783687197606
369.0,31.325634455691326,127.64947268366285,25.0,200.0,0.21911967,200.0,0.8957813340454752
370.0,31.354378803156223,127.86460396270826,25.0,200.0,0.22950345,200.0,0.8514844008394444
371.0,31.382697136525433,128.0909144603589,25.0,200.0,0.24046966,200.0,0.8077863701148678
372.0,31.410595929076543,128.32885471013665,25.0,200.0,0.25188965,200.0,0.7646902893880867
373.0,31.438081556324917,128.57870253038163,25.0,200.0,0.26359063,200.0,0.7222036603330539
374.0,31.465160296242274,128.8405232082402,25.0,200.0,0.27536005,200.0,0.6803379869539339
375.0,31.491838329380432,129.11414610477993,25.0,200.0,0.2869619,200.0,0.6391071213873363
376.0,31.51812173900127,129.39915833683247,25.0,200.0,0.29815394,200.0,0.5985255676523833
377.0,31.544016511344037,129.69492206220664,25.0,200.0,0.3087111,200.0,0.5586061223768821
378.0,31.569528536129326,130.0006108978746,25.0,200.0,0.31844485,200.0,0.5193579929776528
379.0,31.594663607388224,130.3152646962257,25.0,200.0,0.32722133,200.0,0.48078499174678546
380.0,31.619427424623677,130.63784861268886,25.0,200.0,0.33496583,200.0,0.4428851388021342
381.0,31.64382559429391,130.96731357390286,25.0,200.0,0.34166405,200.0,0.4056505601833589
382.0,31.66786363154969,131.30264723881913,25.0,200.0,0.34735268,200.0,0.36906845573317026
383.0,31.691546962138894,131.64291136986165,25.0,200.0,0.3521058,200.0,0.3331224792866423
384.0,31.71488092440182,131.98726662746157,25.0,200.0,0.35602224,200.0,0.297794003164761
385.0,31.73787077127186,132.33498225481162,25.0,200.0,0.35921055,200.0,0.2630636311803598
386.0,31.760521672233917,132.6854370007589,25.0,200.0,0.3617802,200.0,0.22891207730783014
387.0,31.782838715203773,133.03811280077284,25.0,200.0,0.36383432,200.0,0.19532086558070283
388.0,31.804826908308012,133.3925839876146,25.0,200.0,0.36546528,200.0,0.16227278208462748
389.0,31.826491181561227,133.74850513115078,25.0,200.0,0.36675328,200.0,0.1297519950699937
390.0,31.847836388443127,134.10559860999666,25.0,200.0,0.36776608,200.0,0.09774407847108124
391.0,31.868867307383578,134.46364298786776,25.0,200.0,0.36855984,200.0,0.06623590956597791
392.0,31.88958864316517,134.82246258206573,25.0,200.0,0.36918026,200.0,0.03521555269536325
393.0,31.9100050282542,135.1819185817209,25.0,200.0,0.3696642,200.0,0.004672088193045099
394.0,31.93012102407019,135.54190165618152,25.0,200.0,0.37004107,200.0,-0.025404527873278404
395.0,31.94994112220258,135.9023258747316,25.0,200.0,0.37033427,200.0,-0.055023614267313725
396.0,31.96946974558151,136.26312363961074,25.0,200.0,0.37056208,200.0,-0.08419386976418863
397.0,31.98871124961044,136.62424193035523,25.0,200.0,0.37073904,200.0,-0.11292350361815551
398.0,32.00766992326428,136.98563902499345,25.0,200.0,0.37087643,200.0,-0.14122027999725129
399.0,32.02634999015782,137.34728202591901,25.0,200.0,0.37098303,200.0,-0.16909161408331208
400.0,32.04475560958796,137.7091449520209,25.0,200.0,0.37106574,200.0,-0.19654463056733285
401.0,32.06289087755221,138.07120718845349,25.0,200.0,0.37112987,200.0,-0.22358619210604047
402.0,32.08075982774589,138.43345235364978,25.0,200.0,0.37117964,200.0,-0.2502229461522265
403.0,32.09836643253917,138.79586731535608,25.0,200.0,0.37121826,200.0,-0.27646134931683264
404.0,32.115714603935544,139.15844141529251,25.0,200.0,0.3712482,200.0,-0.3023076804163538
405.0,32.132808194513416,139.52116605144965,25.0,200.0,0.37127143,200.0,-0.3277680868475743
406.0,32.14965099835084,139.88403414118437,25.0,200.0,0.3712895,200.0,-0.3528485676576625
407.0,32.16624675193411,140.24703970353306,25.0,200.0,0.37130344,200.0,-0.37755498633202556
408.0,32.18259913505207,140.61017779915974,25.0,200.0,0.3713143,200.0,-0.4018931169222033
409.0,32.198711771675114,140.9734441722888,25.0,200.0,0.3713227,200.0,-0.42586860833019724
410.0,32.21458823082031,141.3368351906677,25.0,200.0,0.37132925,200.0,-0.449487011765314
411.0,32.23023202740223,141.70034760672306,25.0,200.0,0.3713343,200.0,-0.47275377473248925
412.0,32.24564662307058,142.06397855714175,25.0,200.0,0.37133825,200.0,-0.4956742572455768
413.0,32.26083542703438,142.4277254432496,25.0,200.0,0.3713413,200.0,-0.5182537331734687
414.0,32.275801796873594,142.79158596040787,25.0,200.0,0.3713437,200.0,-0.5404973877765542
415.0,32.29054903933706,143.15555785919568,25.0,200.0,0.37134552,200.0,-0.5624103078908012
416.0,32.30508041112889,143.51963912383079,25.0,200.0,0.37134695,200.0,-0.5839975166150722
417.0,32.31939911968214,143.8838278525734,25.0,200.0,0.37134808,200.0,-0.6052639522319605
418.0,32.33350832392004,144.24812216793873,25.0,200.0,0.37134892,200.0,-0.6262144694480347
419.0,32.34741113500619,144.61252039513568,25.0,200.0,0.37134963,200.0,-0.6468538554042191
420.0,32.361110617081984,144.9770208232796,25.0,200.0,0.37135017,200.0,-0.6671868085935277
421.0,32.374609787992874,145.34162176463383,25.0,200.0,0.37135053,200.0,-0.6872179623373458
422.0,32.387911620003955,145.70632173306583,25.0,200.0,0.37135088,200.0,-0.7069518895708431
423.0,32.40101904050319,146.07111914567236,25.0,200.0,0.37135112,200.0,-0.7263930631068618
424.0,32.41393493269435,146.43601250124684,25.0,200.0,0.3713513,200.0,-0.7455459125410968
425.0,32.42666213627909,146.80100037993847,25.0,200.0,0.37135148,200.0,-0.7644147918099582
426.0,32.43920344812786,147.16608132370737,25.0,200.0,0.3713516,200.0,-0.7830039765825099
427.0,32.45156162294069,147.53125392540122,25.0,200.0,0.3713517,200.0,-0.8013176876277124
428.0,32.46373937389754,147.89651682843004,25.0,200.0,0.37135178,200.0,-0.8193600844009166
429.0,32.47573937329828,148.26186866684154,25.0,200.0,0.37135184,200.0,-0.8371352437369732
430.0,32.4875642531928,148.6273081246108,25.0,200.0,0.3713519,200.0,-0.8546472018099687
431.0,32.499216606000864,148.9928338459233,25.0,200.0,0.3713519,200.0,-0.8718999104551426
432.0,32.510698985122964,149.3584446136834,25.0,200.0,0.37135196,200.0,-0.8888972827768633
433.0,32.5220139055407,149.724139140598,25.0,200.0,0.371352,200.0,-0.9056431569383059
434.0,32.53316384440822,150.08991618809006,25.0,200.0,0.37135202,200.0,-0.9221413156856895
435.0,32.5441512416342,150.4557745362052,25.0,200.0,0.37135205,200.0,-0.9383954835654906
436.0,32.55497850045467,150.82171298332543,25.0,200.0,0.37135208,200.0,-0.9544093278404895
437.0,32.565647987997004,151.18773037568937,25.0,200.0,0.37135214,200.0,-0.9701864593803722
438.0,32.57616203583444,151.55382548790575,25.0,200.0,0.37135214,200.0,-0.9857304298695428
439.0,32.5865229405328,151.91999723129632,25.0,200.0,0.3713522,200.0,-1.001044751227984
440.0,32.59673296418783,152.2862444748132,25.0,200.0,0.37135226,200.0,-1.01613285928694
441.0,32.60679433495432,152.652566104379,25.0,200.0,0.37135231,200.0,-1.0309981555907899
442.0,32.616709247566945,153.01896102262637,25.0,200.0,0.37135237,200.0,-1.0456439784279836
443.0,32.62647986385305,153.38542820824628,25.0,200.0,0.3713525,200.0,-1.0600736222558427
444.0,32.63610831323675,153.75196653692205,25.0,200.0,0.37135255,200.0,-1.0742903162220254
445.0,32.64559669323593,154.11857501949936,25.0,200.0,0.37135267,200.0,-1.088297269574181
446.0,32.654947069950836,154.4852526229281,25.0,200.0,0.3713528,200.0,-1.1020976091780228
447.0,32.66416147854531,154.851998389231,25.0,200.0,0.37135297,200.0,-1.1156944398476227
448.0,32.67324192372031,155.2188113756622,25.0,200.0,0.3713532,200.0,-1.1290908041464869
449.0,32.68219038017975,155.58569059486976,25.0,200.0,0.37135345,200.0,-1.142289698054778
450.0,32.6910087930894,155.95263513387545,25.0,200.0,0.37135375,200.0,-1.1552940828353415
451.0,32.69969907852844,156.3196440942443,25.0,200.0,0.3713541,200.0,-1.1681068671504797
452.0,32.70826312393379,156.6867165918625,25.0,200.0,0.37135452,200.0,-1.1807309114969593
453.0,32.716702788537596,157.05385175671864,25.0,200.0,0.371355,200.0,-1.1931690400803752
454.0,32.725019903797936,157.42104879229296,25.0,200.0,0.3713556,200.0,-1.205424034031215
455.0,32.73321627382283,157.7883069753454,25.0,200.0,0.37135637,200.0,-1.2174986358071531
456.0,32.74129367578693,158.15562547689325,25.0,200.0,0.3713572,200.0,-1.2293955238434147
457.0,32.7492538603426,158.5230036302266,25.0,200.0,0.37135825,200.0,-1.241117368993748
458.0,32.75709855202418,158.8904408114969,25.0,200.0,0.37135953,200.0,-1.2526667867882322
459.0,32.76482944964563,159.25793637991333,25.0,200.0,0.37136102,200.0,-1.2640463418127788
460.0,32.772448226692404,159.62548979675645,25.0,200.0,0.3713628,200.0,-1.2752585780945678
461.0,32.77995653170724,159.99310065498742,25.0,200.0,0.371365,200.0,-1.2863060010803686
462.0,32.78735598866933,160.36076850024446,25.0,200.0,0.37136757,200.0,-1.297191063399863
463.0,32.79464819736834,160.72849306907457,25.0,200.0,0.37137067,200.0,-1.3079161989075496
464.0,32.80183473377214,161.09627416954027,25.0,200.0,0.37137437,200.0,-1.3184837972315089
465.0,32.80891715038934,161.46411183004994,25.0,200.0,0.37137887,200.0,-1.3288962266519255
466.0,32.81589697662548,161.83200612036586,25.0,200.0,0.3713842,200.0,-1.339155797474655
467.0,32.82277571913438,162.19995736004472,25.0,200.0,0.3713906,200.0,-1.3492648109490741
468.0,32.82955486216385,162.56796608846247,25.0,200.0,0.3713983,200.0,-1.3592255263004964
469.0,32.83623586789617,162.9360330944464,25.0,200.0,0.3714075,200.0,-1.3690401798881506
470.0,32.842820176783306,163.30415947571223,25.0,200.0,0.37141854,200.0,-1.3787109670924498
471.0,32.84930920787717,163.6723466983035,25.0,200.0,0.37143174,200.0,-1.38824006517258
472.0,32.85570435915513,164.04059674544055,25.0,200.0,0.37144762,200.0,-1.397629633736503
473.0,32.862007007840255,164.4089120577557,25.0,200.0,0.37146664,200.0,-1.4068817966437313
474.0,32.868218510716886,164.77729565234478,25.0,200.0,0.37148935,200.0,-1.4159986461947685
475.0,32.87434020444231,165.14575145043673,25.0,200.0,0.37151664,200.0,-1.4249822919525426
476.0,32.88037340585317,165.51428415803133,25.0,200.0,0.3715493,200.0,-1.4338347904894817
477.0,32.88631941226791,165.88289956377096,25.0,200.0,0.3715884,200.0,-1.4425582016561596
478.0,32.89217950178527,166.25160477721008,25.0,200.0,0.37163526,200.0,-1.4511545740837257
479.0,32.89795493357839,166.6204083478774,25.0,200.0,0.3716913,200.0,-1.4596259493446775
480.0,32.90364694818569,166.98932074196765,25.0,200.0,0.3717584,200.0,-1.4679743808997483
481.0,32.909256767797686,167.35835452101205,25.0,200.0,0.3718387,200.0,-1.4762019084300602
482.0,32.9147855965405,167.72752475896914,25.0,200.0,0.37193465,200.0,-1.4843105916967496
483.0,32.92023462075654,168.0968496381308,25.0,200.0,0.3720494,200.0,-1.4923025182676724
484.0,32.92560500928198,168.46635086621612,25.0,200.0,0.37218642,200.0,-1.5001797889457165
485.0,32.93089791372177,168.8360543914895,25.0,200.0,0.37234998,200.0,-1.5079445552603035
486.0,32.93611446872222,169.20599108807795,25.0,200.0,0.37254497,200.0,-1.5155989973644206
487.0,32.94125579224164,169.57619764990528,25.0,200.0,0.37277722,200.0,-1.5231453726516713
488.0,32.9463229858195,169.94671760383656,25.0,200.0,0.37305355,200.0,-1.5305859972864897
489.0,32.95131713484387,170.31760232282338,25.0,200.0,0.3733818,200.0,-1.5379232761678487
490.0,32.956239308817814,170.68891221786345,25.0,200.0,0.37377098,200.0,-1.5451597030432147
491.0,32.9610905616247,171.06071798956563,25.0,200.0,0.3742314,200.0,-1.552297860611778
492.0,32.96587193179276,171.43310199892434,25.0,200.0,0.3747747,200.0,-1.5593404541280396
493.0,32.970584442758906,171.8061596678969,25.0,200.0,0.37541392,200.0,-1.5662902965762804
494.0,32.97522910313065,172.18000052235382,25.0,200.0,0.37616318,200.0,-1.5731502827795965
495.0,32.979806906946614,172.55474938404143,25.0,200.0,0.37703776,200.0,-1.5799233969981286
496.0,32.9843188339335,172.93054687709287,25.0,200.0,0.37805346,200.0,-1.586612646220825
497.0,32.98876584975864,173.30754957691346,25.0,200.0,0.3792262,200.0,-1.5932210382587981
498.0,32.99314890627552,173.6859292053952,25.0,200.0,0.38057116,200.0,-1.5997514632413847
499.0,32.99746894175861,174.0658704850322,25.0,200.0,0.3821013,200.0,-1.6062065829191328
500.0,33.00172688112494,174.44756789035668,25.0,200.0,0.38382638,200.0,-1.6125887016134168
501.0,33.00592363613767,174.83122058144238,25.0,200.0,0.38575107,200.0,-1.6188996078209144
